titre,prix,disponibilite,note,upc,url_image,categorie
It's Only the Himalayas,Â£45.17,In stock (19 available),2,a22124811bfa8350,https://books.toscrape.com/../../media/cache/6d/41/6d418a73cc7d4ecfd75ca11d854041db.jpg,travel
Full Moon over Noahâs Ark: An Odyssey to Mount Ararat and Beyond,Â£49.43,In stock (15 available),4,ce60436f52c5ee68,https://books.toscrape.com/../../media/cache/fe/8a/fe8af6ceec7718986380c0fde9b3b34f.jpg,travel
See America: A Celebration of Our National Parks & Treasured Sites,Â£48.87,In stock (14 available),3,f9705c362f070608,https://books.toscrape.com/../../media/cache/c7/1a/c71a85dbf8c2dbc75cb271026618477c.jpg,travel
Vagabonding: An Uncommon Guide to the Art of Long-Term World Travel,Â£36.94,In stock (8 available),2,1809259a5a5f1d8d,https://books.toscrape.com/../../media/cache/ca/30/ca30b1afe1e76ce7ba1db8176d398e53.jpg,travel
Under the Tuscan Sun,Â£37.33,In stock (7 available),3,a94350ee74deaa07,https://books.toscrape.com/../../media/cache/45/21/4521c581ba727f5c835e34860cbf53e5.jpg,travel
A Summer In Europe,Â£44.34,In stock (7 available),2,cc1936a9f4e93477,https://books.toscrape.com/../../media/cache/6c/e3/6ce3003931701c7a3fd5354917538ea9.jpg,travel
The Great Railway Bazaar,Â£30.54,In stock (6 available),1,48736df57e7bec9f,https://books.toscrape.com/../../media/cache/d5/82/d582f6b0261c2842330e893962276295.jpg,travel
A Year in Provence (Provence #1),Â£56.88,In stock (6 available),4,9e60929f521fa280,https://books.toscrape.com/../../media/cache/8b/81/8b81cd9b2c8f89a12099a80bed1c4911.jpg,travel
The Road to Little Dribbling: Adventures of an American in Britain (Notes From a Small Island #2),Â£23.21,In stock (3 available),1,366a236aa1ea6f07,https://books.toscrape.com/../../media/cache/26/f5/26f5d20239a45046e756c6d09611b3ea.jpg,travel
Neither Here nor There: Travels in Europe,Â£38.95,In stock (3 available),3,747cf7fca2ccdbd4,https://books.toscrape.com/../../media/cache/c9/9a/c99a7a05537cd842eb4db83d537e3a4d.jpg,travel
"1,000 Places to See Before You Die",Â£26.08,In stock (1 available),5,228ba5e7577e1d49,https://books.toscrape.com/../../media/cache/9e/10/9e106f81f65b293e488718a4f54a6a3f.jpg,travel
